"GUID","Status","Provider status","Type","Target group","Provider","Started","Status updated",""
"23bd6885-069d-7c81-454b-5c96a78daf71","QualityTerminate","QualityTerminate","Live","Unión Capital - Includes Uruguay / OCA panelists (2)","Cint","2024-02-24 14:47:26","2024-02-24 14:50:15",""
"fe3113be-fe7b-eb56-1b70-271a5a9e0928","TimedOut","TimedOut","Live","Unión Capital - Includes Uruguay / OCA panelists (2)","Cint","2024-02-24 13:21:42","2024-02-24 14:50:13",""
"b7d9d9f6-ae64-2190-f338-edf2971f596a","QualityTerminate","QualityTerminate","Live","Unión Capital - Includes Uruguay / OCA panelists (2)","Cint","2024-02-24 11:29:55","2024-02-24 11:35:12",""
"4ebec8c5-7ea0-69ec-5e0b-fc95177d7d5d","QualityTerminate","QualityTerminate","Live","Unión Capital - Includes Uruguay / OCA panelists (2)","Cint","2024-02-24 10:12:24","2024-02-24 10:15:19",""
"0a5b0c43-8906-2fd3-b58d-3870e8dea3da","Complete","Complete","Live","Uruguay / OCA - Includes Unión Capital panelists (2)","Cint","2024-02-24 06:16:17","2024-02-24 06:20:15",""
"950b03e1-88bf-bafd-942f-372085053475","QualityTerminate","QualityTerminate","Live","Unión Capital - Includes Uruguay / OCA panelists (2)","Cint","2024-02-23 23:04:50","2024-02-23 23:10:12",""
"a5b1b0ca-1a36-1d5e-2904-849a0358b359","QualityTerminate","QualityTerminate","Live","Unión Capital - Includes Uruguay / OCA panelists (2)","Cint","2024-02-23 21:23:12","2024-02-23 21:25:15",""
"cc7c3f3c-d986-4451-e7f2-0b5735037eaa","QualityTerminate","QualityTerminate","Live","Unión Capital - Includes Uruguay / OCA panelists (2)","Cint","2024-02-23 20:19:56","2024-02-23 20:25:12",""
"33286f81-8b21-9705-024f-5b0337197d61","TimedOut","New","Live","Unión Capital - Includes Uruguay / OCA panelists (2)","Cint","2024-02-23 19:34:42","2024-02-23 20:50:12",""
"71dc7189-67dc-88c8-f647-45f7bca79052","QualityTerminate","QualityTerminate","Live","Unión Capital - Includes Uruguay / OCA panelists (2)","Cint","2024-02-23 19:12:19","2024-02-23 19:15:19",""
"ccaa1de2-3e31-e574-802c-2981f654c837","Screenout","Screenout","Live","Unión Capital - Includes Uruguay / OCA panelists (2)","Cint","2024-02-23 18:26:02","2024-02-23 18:30:15",""
"4deb116a-2b55-48e5-6aa4-25c04e0f08f8","Screenout","Screenout","Live","Unión Capital - Includes Uruguay / OCA panelists (2)","Cint","2024-02-23 17:05:15","2024-02-23 17:10:15",""
"af07e51f-f157-1ed1-2dd1-d12cf5200086","Complete","Complete","Live","Unión Capital - Includes Uruguay / OCA panelists (2)","Cint","2024-02-23 16:11:49","2024-02-23 16:25:12",""
"fae8eaf0-3d49-11d3-6a3e-dec395397206","Screenout","Screenout","Live","Unión Capital - Includes Uruguay / OCA panelists (2)","Cint","2024-02-23 16:05:51","2024-02-23 16:10:15",""
"9f1026d2-5f57-cab2-921c-123bb5580141","QualityTerminate","QualityTerminate","Live","Unión Capital - Includes Uruguay / OCA panelists (2)","Cint","2024-02-23 16:04:37","2024-02-23 16:10:12",""
"f922c0a1-d920-b489-af6f-f4098d49c732","QualityTerminate","QualityTerminate","Live","Unión Capital - Includes Uruguay / OCA panelists (2)","Cint","2024-02-23 15:23:40","2024-02-23 15:25:15",""
"41e52e0d-1e52-9117-6ac3-1ace27ea029e","QualityTerminate","QualityTerminate","Live","Unión Capital - Includes Uruguay / OCA panelists (2)","Cint","2024-02-23 15:06:58","2024-02-23 15:10:15",""
"7453123c-69fe-eb73-79f2-26784f0490e1","QualityTerminate","QualityTerminate","Live","Unión Capital - Includes Uruguay / OCA panelists (2)","Cint","2024-02-23 14:49:31","2024-02-23 14:55:12",""
"e5f69da4-d1ce-6622-dc6a-a9dd65fe2746","QualityTerminate","QualityTerminate","Live","Unión Capital - Includes Uruguay / OCA panelists (2)","Cint","2024-02-23 14:47:28","2024-02-23 14:50:15",""
"575cf8e0-0bf3-01a7-762e-cc779cd0fd74","Complete","Complete","Live","Unión Capital - Includes Uruguay / OCA panelists (2)","Cint","2024-02-23 14:04:06","2024-02-23 14:10:14",""
"93584ba7-abc6-4aab-d369-7f731335bc47","TimedOut","TimedOut","Live","Unión Capital - Includes Uruguay / OCA panelists (2)","Cint","2024-02-23 13:33:13","2024-02-23 14:50:13",""
"f3fa0c81-cccf-37db-704f-38d125be5d14","QualityTerminate","QualityTerminate","Live","Unión Capital - Includes Uruguay / OCA panelists (2)","Cint","2024-02-23 13:20:24","2024-02-23 13:25:15",""
"5a5d6dfb-4f1f-9593-7735-5976c0efa66e","QualityTerminate","QualityTerminate","Live","Unión Capital - Includes Uruguay / OCA panelists (2)","Cint","2024-02-23 13:12:57","2024-02-23 13:15:19",""
"18e60818-8ecb-f0b9-ccd6-3ccdf5f87b83","Screenout","Screenout","Live","Unión Capital - Includes Uruguay / OCA panelists (2)","Cint","2024-02-23 13:07:52","2024-02-23 13:10:15",""
"cbdbbf9a-de65-47c4-f154-8bf0e3642908","TimedOut","TimedOut","Live","Unión Capital - Includes Uruguay / OCA panelists (2)","Cint","2024-02-23 13:07:46","2024-02-23 14:50:13",""
"ff5d6f9a-9bb1-139a-ea54-5b76f50cce08","QualityTerminate","QualityTerminate","Live","Unión Capital - Includes Uruguay / OCA panelists (2)","Cint","2024-02-23 12:21:12","2024-02-23 12:25:15",""
"05c38b64-513b-708b-e9aa-bfe89e4fb8f0","QualityTerminate","QualityTerminate","Live","Unión Capital - Includes Uruguay / OCA panelists (2)","Cint","2024-02-23 11:05:13","2024-02-23 11:30:15",""
"f77fba8a-edee-416e-5544-8e5481da1b1e","Complete","Complete","Live","Unión Capital - Includes Uruguay / OCA panelists (2)","Cint","2024-02-23 11:03:19","2024-02-23 11:35:21",""
"ee3e040d-ac90-ffe4-14c3-301577a44599","Screenout","Screenout","Live","Unión Capital - Includes Uruguay / OCA panelists (2)","Cint","2024-02-23 11:02:38","2024-02-23 11:30:15",""
"3afd4e90-6fd7-b57e-d75e-7ad620d28604","Complete","Complete","Live","Unión Capital - Includes Uruguay / OCA panelists (2)","Cint","2024-02-23 11:02:36","2024-02-23 11:35:21",""
"bd46a84a-d4c4-5387-6c84-9c6de0233dde","Complete","Complete","Live","Unión Capital - Includes Uruguay / OCA panelists (2)","Cint","2024-02-23 11:02:33","2024-02-23 11:35:21",""
"ffc721f3-1839-da3c-ed3d-15eccc3dee29","QualityTerminate","QualityTerminate","Live","Unión Capital - Includes Uruguay / OCA panelists (2)","Cint","2024-02-23 10:02:58","2024-02-23 10:05:15",""
"0a6d3c78-d1d2-8366-ccb6-0846206eabeb","QualityTerminate","QualityTerminate","Live","Unión Capital - Includes Uruguay / OCA panelists (2)","Cint","2024-02-23 09:14:26","2024-02-23 09:15:19",""
"dc4d38b6-1879-ba9e-e178-0c6684846923","QualityTerminate","QualityTerminate","Live","Unión Capital - Includes Uruguay / OCA panelists (2)","Cint","2024-02-23 08:10:34","2024-02-23 08:15:15",""
"cc9e5f49-235f-a7e3-b487-6bb5286ad59e","QualityTerminate","QualityTerminate","Live","Unión Capital - Includes Uruguay / OCA panelists (2)","Cint","2024-02-23 07:59:38","2024-02-23 08:05:17",""
"66972a82-6730-f0be-3c4c-1ebc36161216","QualityTerminate","QualityTerminate","Live","Unión Capital - Includes Uruguay / OCA panelists (2)","Cint","2024-02-23 06:47:08","2024-02-23 06:50:15",""
"7f5c7aaa-8c2a-82c6-7664-4e77411e7a4a","Screenout","Screenout","Live","Unión Capital - Includes Uruguay / OCA panelists (2)","Cint","2024-02-22 21:08:10","2024-02-22 21:10:15",""
"a232fa58-5bf9-0064-7896-ce19eecf0db1","Screenout","Screenout","Live","Unión Capital - Includes Uruguay / OCA panelists (2)","Cint","2024-02-22 19:34:36","2024-02-22 19:40:55",""
"82dc9cd6-3926-ef0e-a918-a8f7d6ae6017","QualityTerminate","QualityTerminate","Live","Unión Capital - Includes Uruguay / OCA panelists (2)","Cint","2024-02-22 18:54:30","2024-02-22 19:00:13",""
"bb292603-e59d-de42-03cd-1202769d1096","Screenout","Screenout","Live","Unión Capital - Includes Uruguay / OCA panelists (2)","Cint","2024-02-22 16:28:00","2024-02-22 16:30:19",""
"1f98a1af-da98-5911-b261-95b3d59b2c79","Screenout","Screenout","Live","Unión Capital - Includes Uruguay / OCA panelists (2)","Cint","2024-02-22 15:21:59","2024-02-22 15:25:15",""
"1dbf8aa8-80de-c98f-cd66-be94b661ae41","QualityTerminate","QualityTerminate","Live","Unión Capital - Includes Uruguay / OCA panelists (2)","Cint","2024-02-22 15:20:32","2024-02-22 15:25:15",""
"dd94b178-ae4e-d6c5-e9b6-85bf0cda81eb","QualityTerminate","QualityTerminate","Live","Unión Capital - Includes Uruguay / OCA panelists (2)","Cint","2024-02-22 14:53:26","2024-02-22 14:55:15",""
"1a46f23c-f691-d502-3af2-c66d48b5aec8","Screenout","Screenout","Live","Unión Capital - Includes Uruguay / OCA panelists (2)","Cint","2024-02-22 14:34:03","2024-02-22 14:36:19",""
"43645ab7-97d8-a220-4e79-6e4fd8e9602c","QualityTerminate","QualityTerminate","Live","Unión Capital - Includes Uruguay / OCA panelists (2)","Cint","2024-02-22 13:37:44","2024-02-22 13:40:15",""
"a8c07008-28fc-8bef-eac6-44ebcbdbddef","QualityTerminate","QualityTerminate","Live","Unión Capital - Includes Uruguay / OCA panelists (2)","Cint","2024-02-22 13:27:31","2024-02-22 13:30:19",""
"bcc949fe-0668-b225-e330-7de20b1cf022","Screenout","Screenout","Live","Unión Capital - Includes Uruguay / OCA panelists (2)","Cint","2024-02-22 12:52:39","2024-02-22 12:55:15",""
"9ea044ed-76d7-bc4f-8a23-708b3ee48737","QualityTerminate","QualityTerminate","Live","Unión Capital - Includes Uruguay / OCA panelists (2)","Cint","2024-02-22 12:31:09","2024-02-22 12:35:15",""
"7c8e0fb3-f51f-f483-a47d-3ba526280320","QualityTerminate","QualityTerminate","Live","Uruguay / OCA - Includes Unión Capital panelists (2)","Cint","2024-02-22 11:17:13","2024-02-22 11:20:15",""
"ef756662-4ee8-9dfa-5fac-525e0dd0b9f0","Screenout","Screenout","Live","Unión Capital - Includes Uruguay / OCA panelists (2)","Cint","2024-02-22 09:32:06","2024-02-22 09:35:15",""
"14875ec8-3ee2-a500-ad06-6aac40e5c95c","Complete","Complete","Live","Unión Capital - Includes Uruguay / OCA panelists (2)","Cint","2024-02-22 08:41:22","2024-02-22 08:45:15",""
"3dcc2fa1-805e-d472-e66f-1be762ab7535","Complete","Complete","Live","Unión Capital - Includes Uruguay / OCA panelists (2)","Cint","2024-02-22 08:28:09","2024-02-22 08:30:19",""
"c9b371b2-130c-e524-ae7c-45986dab2d50","QualityTerminate","QualityTerminate","Live","Unión Capital - Includes Uruguay / OCA panelists (2)","Cint","2024-02-22 07:51:15","2024-02-22 07:55:15",""
"3795bb0b-da75-424d-bfc5-8fbefd4c2d9d","QualityTerminate","QualityTerminate","Live","Unión Capital - Includes Uruguay / OCA panelists (2)","Cint","2024-02-22 07:26:43","2024-02-22 07:30:15",""
"d4ed5586-1a76-f5e8-f648-61c6ee2d9d66","Screenout","Screenout","Live","Unión Capital - Includes Uruguay / OCA panelists (2)","Cint","2024-02-22 05:49:42","2024-02-22 05:55:12",""
"4b9f16cb-d27b-eeac-b505-22b4e89f2520","QualityTerminate","QualityTerminate","Live","Unión Capital - Includes Uruguay / OCA panelists (2)","Cint","2024-02-22 05:34:49","2024-02-22 05:40:20",""
"2e1a4f10-e13b-b658-30de-7b31fece16ef","QualityTerminate","QualityTerminate","Live","Unión Capital - Includes Uruguay / OCA panelists (2)","Cint","2024-02-22 05:23:05","2024-02-22 05:25:15",""
"21e2edbc-5710-1525-c872-d9c9c4eba027","Screenout","Screenout","Live","Unión Capital - Includes Uruguay / OCA panelists (2)","Cint","2024-02-22 04:53:55","2024-02-22 04:55:15",""
"292e0ccf-0db8-35d9-2801-3805138d2e5c","QualityTerminate","QualityTerminate","Live","Unión Capital - Includes Uruguay / OCA panelists (2)","Cint","2024-02-22 04:34:04","2024-02-22 04:36:19",""
"87b01cdf-e81a-e744-9a11-289b60221e4b","QualityTerminate","QualityTerminate","Live","Unión Capital - Includes Uruguay / OCA panelists (2)","Cint","2024-02-22 01:51:53","2024-02-22 01:55:15",""
"7cd2280b-643d-d075-f8c5-1cf97006929f","QualityTerminate","QualityTerminate","Live","Unión Capital - Includes Uruguay / OCA panelists (2)","Cint","2024-02-22 01:11:27","2024-02-22 01:15:16",""
"cf9e7fd6-e0a7-c2e5-a718-4bb5b059022f","QualityTerminate","QualityTerminate","Live","Unión Capital - Includes Uruguay / OCA panelists (2)","Cint","2024-02-21 20:30:28","2024-02-21 20:35:15",""
"6662789e-568f-b449-5a50-4c490563b507","QualityTerminate","QualityTerminate","Live","Unión Capital - Includes Uruguay / OCA panelists (2)","Cint","2024-02-21 20:02:38","2024-02-21 20:05:15",""
"5c258acc-3edf-a77e-1d02-be0ea291d65e","QualityTerminate","QualityTerminate","Live","Unión Capital - Includes Uruguay / OCA panelists (2)","Cint","2024-02-21 19:47:03","2024-02-21 19:50:15",""
"f0d9572d-79a7-af94-f3e3-63f235528cc7","QualityTerminate","QualityTerminate","Live","Unión Capital - Includes Uruguay / OCA panelists (2)","Cint","2024-02-21 19:25:18","2024-02-21 19:30:15",""
"19f6df0b-f32f-2491-dcc5-ebdd0fdb04e9","Screenout","Screenout","Live","Unión Capital - Includes Uruguay / OCA panelists (2)","Cint","2024-02-21 19:10:06","2024-02-21 19:15:15",""
"83a878a2-9d97-8315-826c-4c83506f6a4a","QualityTerminate","QualityTerminate","Live","Unión Capital - Includes Uruguay / OCA panelists (2)","Cint","2024-02-21 19:03:12","2024-02-21 19:05:15",""
"7ea63460-ae5f-9d9c-81ae-008d728d6ef3","QualityTerminate","QualityTerminate","Live","Uruguay / OCA - Includes Unión Capital panelists (2)","Cint","2024-02-21 17:01:54","2024-02-21 17:05:15",""
"11c256ac-7a7c-ad73-e862-62e9721b8c76","QualityTerminate","QualityTerminate","Live","Unión Capital - Includes Uruguay / OCA panelists (2)","Cint","2024-02-21 16:39:21","2024-02-21 16:45:14",""
"d7f0ff07-af15-9ad8-d7c9-cbdb7c8354e5","QualityTerminate","QualityTerminate","Live","Uruguay / OCA - Includes Unión Capital panelists (2)","Cint","2024-02-21 16:34:55","2024-02-21 16:50:20",""
"97bc3149-f216-48a1-9a87-059727ec08db","Screenout","Screenout","Live","Uruguay / OCA - Includes Unión Capital panelists (2)","Cint","2024-02-21 16:08:29","2024-02-21 16:10:15",""
"21f5ecb9-7c1b-1727-df77-d8decbe38b2a","QualityTerminate","QualityTerminate","Live","Unión Capital - Includes Uruguay / OCA panelists (2)","Cint","2024-02-21 16:04:33","2024-02-21 16:10:18",""
"8486addc-e482-563c-ac12-99ad28fa121c","QualityTerminate","QualityTerminate","Live","Unión Capital - Includes Uruguay / OCA panelists (2)","Cint","2024-02-21 16:01:17","2024-02-21 16:05:15",""
"29658e6f-a5f8-76c8-4fa1-ba4ec2015096","Complete","Complete","Live","Unión Capital - Includes Uruguay / OCA panelists (2)","Cint","2024-02-21 15:53:00","2024-02-21 16:00:16",""
"ee7cd5e7-ad0e-2e0b-5629-e157f00e5a0e","QualityTerminate","QualityTerminate","Live","Unión Capital - Includes Uruguay / OCA panelists (2)","Cint","2024-02-21 15:42:40","2024-02-21 15:45:19",""
"a4196152-accf-9a74-339c-55328ea85bcf","QualityTerminate","QualityTerminate","Live","Uruguay / OCA - Includes Unión Capital panelists (2)","Cint","2024-02-21 15:38:05","2024-02-21 15:40:15",""
"59da4a7e-5c00-b2cb-f0b0-7ef18c21aa9d","QualityTerminate","QualityTerminate","Live","Unión Capital - Includes Uruguay / OCA panelists (2)","Cint","2024-02-21 15:37:31","2024-02-21 15:40:15",""
"ad93dafb-d94b-21db-b935-eeb8c57f2065","QualityTerminate","QualityTerminate","Live","Uruguay / OCA - Includes Unión Capital panelists (2)","Cint","2024-02-21 15:32:42","2024-02-21 15:35:15",""
"4e994f9c-16c7-248b-b952-7bb25d50ee09","QualityTerminate","QualityTerminate","Live","Unión Capital - Includes Uruguay / OCA panelists (2)","Cint","2024-02-21 15:28:46","2024-02-21 15:30:19",""
"00862ca4-d71d-48a7-a66a-18ad8f853b37","QualityTerminate","QualityTerminate","Live","Unión Capital - Includes Uruguay / OCA panelists (2)","Cint","2024-02-21 15:27:21","2024-02-21 15:30:19",""
"7515d179-e7c2-457d-36b7-e53efd5607ed","QualityTerminate","QualityTerminate","Live","Unión Capital - Includes Uruguay / OCA panelists (2)","Cint","2024-02-21 15:26:09","2024-02-21 15:30:15",""
"e27815ef-b240-6440-5b21-215331f27378","QualityTerminate","QualityTerminate","Live","Unión Capital - Includes Uruguay / OCA panelists (2)","Cint","2024-02-21 15:07:16","2024-02-21 15:10:15",""
"f7edf967-db8f-02c5-c7a9-cdc619772af5","Screenout","Screenout","Live","Unión Capital - Includes Uruguay / OCA panelists (2)","Cint","2024-02-21 15:03:39","2024-02-21 15:06:19",""
"f8866b76-8b70-90ba-acb8-5fadc4717d89","QualityTerminate","QualityTerminate","Live","Unión Capital - Includes Uruguay / OCA panelists (2)","Cint","2024-02-21 14:59:23","2024-02-21 15:05:22",""
"21fe41e2-e78b-ba08-d42c-75d5b9ab102a","Screenout","Screenout","Live","Unión Capital - Includes Uruguay / OCA panelists (2)","Cint","2024-02-21 14:57:09","2024-02-21 15:00:15",""
"018486d2-2e0d-7d06-ae1c-b2af572cd729","QualityTerminate","QualityTerminate","Live","Unión Capital - Includes Uruguay / OCA panelists (2)","Cint","2024-02-21 14:56:27","2024-02-21 15:00:15",""
"7cc7d16e-d3f0-f446-e5a0-e5ec04d63dfc","Screenout","Screenout","Live","Unión Capital - Includes Uruguay / OCA panelists (2)","Cint","2024-02-21 14:41:14","2024-02-21 14:45:15",""
"d1f26972-3238-ec5d-dfbc-5dd98adffce5","QualityTerminate","QualityTerminate","Live","Unión Capital - Includes Uruguay / OCA panelists (2)","Cint","2024-02-21 14:33:47","2024-02-21 14:40:27",""
"3ad8e6a4-98b2-1ece-f26a-d2f38c866e30","QualityTerminate","QualityTerminate","Live","Unión Capital - Includes Uruguay / OCA panelists (2)","Cint","2024-02-21 14:28:23","2024-02-21 14:30:19",""
"bae6fe21-3f4f-cb85-cbef-cacd4c79c1b2","QualityTerminate","QualityTerminate","Live","Unión Capital - Includes Uruguay / OCA panelists (2)","Cint","2024-02-21 14:23:35","2024-02-21 14:25:15",""
"ec6c6ca1-67a0-e7aa-406f-58479b549a4b","QualityTerminate","QualityTerminate","Live","Unión Capital - Includes Uruguay / OCA panelists (2)","Cint","2024-02-21 14:14:25","2024-02-21 14:15:19",""
"e68e4724-6daf-c0ff-a2ea-73a55117e0c2","TimedOut","TimedOut","Live","Uruguay / OCA - Includes Unión Capital panelists (2)","Cint","2024-02-21 14:11:51","2024-02-21 15:35:15",""
"6902faa1-ef2f-447d-2e6f-ce29c1d61e74","QualityTerminate","QualityTerminate","Live","Unión Capital - Includes Uruguay / OCA panelists (2)","Cint","2024-02-21 14:11:37","2024-02-21 14:15:15",""
"ec636765-5f3f-9ffe-49ab-53480b3aa98c","QualityTerminate","QualityTerminate","Live","Unión Capital - Includes Uruguay / OCA panelists (2)","Cint","2024-02-21 14:00:16","2024-02-21 14:05:15",""
"9dfe8348-06af-78b6-d486-b7d52dcbf0ab","QualityTerminate","QualityTerminate","Live","Unión Capital - Includes Uruguay / OCA panelists (2)","Cint","2024-02-21 13:45:40","2024-02-21 14:05:25",""
"576dc224-aaf8-3990-47ea-f646e1f85cb7","QualityTerminate","QualityTerminate","Live","Unión Capital - Includes Uruguay / OCA panelists (2)","Cint","2024-02-21 13:45:20","2024-02-21 13:50:15",""
"cafa84bb-dbb1-34e6-d575-b0d123fdd02d","Screenout","Screenout","Live","Unión Capital - Includes Uruguay / OCA panelists (2)","Cint","2024-02-21 13:36:10","2024-02-21 13:40:15",""
"49ddb2ec-e27a-4ab6-f722-86f6bd5e157f","QualityTerminate","QualityTerminate","Live","Unión Capital - Includes Uruguay / OCA panelists (2)","Cint","2024-02-21 13:35:22","2024-02-21 14:35:16",""
"8d7ffcf1-80b6-0709-553f-c8540996761c","Screenout","Screenout","Live","Unión Capital - Includes Uruguay / OCA panelists (2)","Cint","2024-02-21 13:33:43","2024-02-21 13:36:19",""
"12eb14c3-bfb9-ef69-c10d-20c0f6dd4a57","QualityTerminate","QualityTerminate","Live","Unión Capital - Includes Uruguay / OCA panelists (2)","Cint","2024-02-21 13:30:36","2024-02-21 13:35:15",""
"bb2e002d-0c77-f8e2-01e3-3405f88f00ea","QualityTerminate","QualityTerminate","Live","Unión Capital - Includes Uruguay / OCA panelists (2)","Cint","2024-02-21 13:28:52","2024-02-21 13:35:18",""
"8f7e099f-2a22-f263-5451-3d558742dc52","QualityTerminate","QualityTerminate","Live","Unión Capital - Includes Uruguay / OCA panelists (2)","Cint","2024-02-21 13:28:49","2024-02-21 13:30:19",""
"ba4ac2a7-19a3-3972-6069-f661e357ee33","QualityTerminate","QualityTerminate","Live","Unión Capital - Includes Uruguay / OCA panelists (2)","Cint","2024-02-21 13:27:46","2024-02-21 18:10:18",""
"6e0e1341-32cf-eb48-248f-2725dfcbc7a2","QualityTerminate","QualityTerminate","Live","Unión Capital - Includes Uruguay / OCA panelists (2)","Cint","2024-02-21 13:26:10","2024-02-21 13:30:15",""
"d0de2274-aca4-dadd-f4ba-16f5f59c459f","TimedOut","TimedOut","Live","Unión Capital - Includes Uruguay / OCA panelists (2)","Cint","2024-02-21 13:14:25","2024-02-21 14:25:17",""
"ff319588-1b95-6e1d-1b46-a11a6aa1ed64","QualityTerminate","QualityTerminate","Live","Unión Capital - Includes Uruguay / OCA panelists (2)","Cint","2024-02-21 13:10:57","2024-02-21 13:15:15",""
"0ee55629-6c83-ad97-cfe7-62cec2b79bba","Complete","Complete","Live","Unión Capital - Includes Uruguay / OCA panelists (2)","Cint","2024-02-21 13:07:47","2024-02-21 13:10:15",""
"83c5d2c6-d21a-3cd0-eb08-e6eefb09215f","QualityTerminate","QualityTerminate","Live","Unión Capital - Includes Uruguay / OCA panelists (2)","Cint","2024-02-21 13:00:50","2024-02-21 13:05:15",""
"de857824-d65e-83f4-afea-4caebe2920b0","QualityTerminate","QualityTerminate","Live","Unión Capital - Includes Uruguay / OCA panelists (2)","Cint","2024-02-21 13:00:11","2024-02-21 13:05:17",""
"bf28f14b-dfe0-0afa-0285-c50302d429d8","QualityTerminate","QualityTerminate","Live","Unión Capital - Includes Uruguay / OCA panelists (2)","Cint","2024-02-21 12:56:26","2024-02-21 13:00:16",""
"7769a7c8-3ee9-5c64-4306-934249cec85c","Screenout","Screenout","Live","Unión Capital - Includes Uruguay / OCA panelists (2)","Cint","2024-02-21 12:54:59","2024-02-21 13:00:17",""
"c704ff7b-6957-04ad-2eb5-cb2f9d309ea6","Screenout","Screenout","Live","Unión Capital - Includes Uruguay / OCA panelists (2)","Cint","2024-02-21 12:52:08","2024-02-21 12:55:15",""
"61547b2f-5d71-10d2-7ae1-4f7fece1a7bd","QualityTerminate","QualityTerminate","Live","Unión Capital - Includes Uruguay / OCA panelists (2)","Cint","2024-02-21 12:44:48","2024-02-21 12:50:21",""
"653dbc45-b39a-0003-148b-8816a72641d0","QualityTerminate","QualityTerminate","Live","Unión Capital - Includes Uruguay / OCA panelists (2)","Cint","2024-02-21 12:41:11","2024-02-21 12:45:15",""
"facb3c50-8367-c787-e19e-08e0996675c6","QualityTerminate","QualityTerminate","Live","Unión Capital - Includes Uruguay / OCA panelists (2)","Cint","2024-02-21 12:38:41","2024-02-21 12:40:15",""
"206d80be-0183-7b1e-4770-b446c8b3f75b","QualityTerminate","QualityTerminate","Live","Unión Capital - Includes Uruguay / OCA panelists (2)","Cint","2024-02-21 12:37:27","2024-02-21 12:40:15",""
"5f375322-e4b8-a8a3-1dec-671cd25813c6","QualityTerminate","QualityTerminate","Live","Unión Capital - Includes Uruguay / OCA panelists (2)","Cint","2024-02-21 12:37:22","2024-02-21 12:40:15",""
"762b968b-3170-6e1b-0145-a200ec89c86d","Complete","Complete","Live","Unión Capital - Includes Uruguay / OCA panelists (2)","Cint","2024-02-21 12:36:09","2024-02-21 12:40:15",""
"0329d1f0-583b-39cb-003e-e502342bb26b","QualityTerminate","QualityTerminate","Live","Unión Capital - Includes Uruguay / OCA panelists (2)","Cint","2024-02-21 12:34:27","2024-02-21 12:40:20",""
"6ebab26e-feb8-4995-90a0-869179980888","QualityTerminate","QualityTerminate","Live","Unión Capital - Includes Uruguay / OCA panelists (2)","Cint","2024-02-21 12:30:16","2024-02-21 12:35:15",""
"177be295-f1a6-1965-515b-d65007910776","QualityTerminate","QualityTerminate","Live","Unión Capital - Includes Uruguay / OCA panelists (2)","Cint","2024-02-21 12:27:42","2024-02-21 12:30:19",""
"49172706-e6bc-dfba-3dc8-133c87bf11c9","QualityTerminate","QualityTerminate","Live","Unión Capital - Includes Uruguay / OCA panelists (2)","Cint","2024-02-21 12:19:59","2024-02-21 12:25:20",""
"57b80183-cbc9-fa10-924d-3593c8ed3c60","QualityTerminate","QualityTerminate","Live","Unión Capital - Includes Uruguay / OCA panelists (2)","Cint","2024-02-21 12:16:58","2024-02-21 12:20:15",""
"ebf7d25c-9c26-29ca-dd92-e6dcffd16bce","QualityTerminate","QualityTerminate","Live","Unión Capital - Includes Uruguay / OCA panelists (2)","Cint","2024-02-21 12:13:33","2024-02-21 12:15:20",""
"c7384673-66ae-bd8e-12bd-7213b6499796","Screenout","Screenout","Live","Unión Capital - Includes Uruguay / OCA panelists (2)","Cint","2024-02-21 12:13:23","2024-02-21 21:35:12",""
"28a96bf4-41a0-9047-833a-5f82d780b467","QualityTerminate","QualityTerminate","Live","Unión Capital - Includes Uruguay / OCA panelists (2)","Cint","2024-02-21 12:09:22","2024-02-21 12:12:21",""
"57ecd0d8-9caf-25e1-c616-e4c716a86a27","QualityTerminate","QualityTerminate","Live","Unión Capital - Includes Uruguay / OCA panelists (2)","Cint","2024-02-21 12:07:31","2024-02-21 12:10:17",""
"c8760040-33ae-e65e-a38f-345da2bcc5bb","QualityTerminate","QualityTerminate","Live","Unión Capital - Includes Uruguay / OCA panelists (2)","Cint","2024-02-21 11:52:53","2024-02-21 11:55:15",""
"17c03240-5479-341c-148f-06eb390cacd3","QualityTerminate","QualityTerminate","Live","Unión Capital - Includes Uruguay / OCA panelists (2)","Cint","2024-02-21 11:39:34","2024-02-21 11:45:25",""
"9b829d38-25bc-0c9c-55f7-a9a9bd37d1c3","QualityTerminate","QualityTerminate","Live","Unión Capital - Includes Uruguay / OCA panelists (2)","Cint","2024-02-21 11:30:35","2024-02-21 11:35:15",""
"f0f5ddda-68af-f3c6-2215-e9de5cede349","QualityTerminate","QualityTerminate","Live","Unión Capital - Includes Uruguay / OCA panelists (2)","Cint","2024-02-21 11:14:49","2024-02-21 11:20:19",""
"a16c795d-2b7a-e12c-ba92-4d475cead0bc","QualityTerminate","QualityTerminate","Live","Unión Capital - Includes Uruguay / OCA panelists (2)","Cint","2024-02-21 11:08:40","2024-02-21 11:10:15",""
"e8082b64-57fe-ec1b-c0ab-1f236bdf46fe","QualityTerminate","QualityTerminate","Live","Unión Capital - Includes Uruguay / OCA panelists","Cint","2024-02-21 05:37:33","2024-02-21 10:10:19",""
"86691b09-6f9f-2b7e-f9c6-2f421d73d79a","QualityTerminate","QualityTerminate","Live","Uruguay / OCA - Includes Unión Capital panelists","Cint","2024-02-20 14:01:37","2024-02-20 14:05:15",""
"9797f734-07b9-4258-bdff-c3bc095cf2d0","Screenout","Screenout","Live","Uruguay / OCA - Includes Unión Capital panelists","Cint","2024-02-20 14:00:24","2024-02-20 14:05:15",""
"421c5071-3646-b215-4cbe-6437a45846e5","Screenout","Screenout","Live","Unión Capital - Includes Uruguay / OCA panelists","Cint","2024-02-19 21:14:43","2024-02-19 21:20:11",""
"de2c904d-0f39-24e7-0686-a407269ef8af","QualityTerminate","QualityTerminate","Live","Uruguay / OCA - Includes Unión Capital panelists","Cint","2024-02-19 14:07:38","2024-02-19 14:10:15",""
"848f1376-ff72-3ece-a1b9-27a44c5c15e5","QualityTerminate","QualityTerminate","Live","Unión Capital - Includes Uruguay / OCA panelists","Cint","2024-02-17 14:32:08","2024-02-17 14:35:15",""
"8e57e061-f080-9eb3-b9a9-d47cf6f242f4","Screenout","Screenout","Live","Uruguay / OCA - Includes Unión Capital panelists","Cint","2024-02-16 10:15:28","2024-02-16 10:20:15",""
"7d6a2db5-8e0e-0bbd-fb7d-194109d4b52e","QualityTerminate","QualityTerminate","Live","Unión Capital - Includes Uruguay / OCA panelists","Cint","2024-02-16 08:30:40","2024-02-16 09:45:20",""
"67eea21b-c685-1ce4-7cd3-96c5e4386b8f","Screenout","Screenout","Live","Unión Capital - Includes Uruguay / OCA panelists","Cint","2024-02-16 08:01:03","2024-02-16 09:45:20",""
"49f27ab4-ebad-7371-697c-4ed900c6af27","Screenout","Screenout","Live","Unión Capital - Includes Uruguay / OCA panelists","Cint","2024-02-16 06:22:03","2024-02-16 09:45:20",""
"a76a29c0-76b8-02fc-f108-1d41e97c335b","QualityTerminate","QualityTerminate","Live","Unión Capital - Includes Uruguay / OCA panelists","Cint","2024-02-16 06:17:57","2024-02-16 09:45:20",""
"fab7a96e-bf94-61bf-0ea6-9d9ca7e0f4f3","QualityTerminate","QualityTerminate","Live","Uruguay / OCA - Includes Unión Capital panelists","Cint","2024-02-15 20:15:17","2024-02-15 20:20:15",""
"14c7e800-2439-5ccc-edcb-dcec54ced3e6","QualityTerminate","QualityTerminate","Live","Uruguay / OCA - Includes Unión Capital panelists","Cint","2024-02-15 16:37:55","2024-02-15 16:40:15",""
"88ac09f6-3dc8-bd52-863d-3d873c3fca63","QualityTerminate","QualityTerminate","Live","Uruguay / OCA - Includes Unión Capital panelists","Cint","2024-02-15 14:13:59","2024-02-16 09:50:17",""
"fb34348b-8fa3-8005-1e40-001f61d47813","QualityTerminate","QualityTerminate","Live","Uruguay / OCA - Includes Unión Capital panelists","Cint","2024-02-15 11:38:37","2024-02-15 11:40:15",""
"b4f8180e-024c-b84c-abc6-2cd37a90729d","QualityTerminate","QualityTerminate","Live","Uruguay / OCA - Includes Unión Capital panelists","Cint","2024-02-15 11:30:49","2024-02-15 11:35:15",""
"d6c3044a-07a6-1060-9182-30e8a0b27a81","Screenout","Screenout","Live","Uruguay / OCA - Includes Unión Capital panelists","Cint","2024-02-15 11:14:40","2024-02-16 09:50:17",""
"27922f1a-4b2a-2924-c9d2-1bb9672bcc89","QualityTerminate","QualityTerminate","Live","Uruguay / OCA - Includes Unión Capital panelists","Cint","2024-02-15 09:18:59","2024-02-16 09:50:17",""
"efc417db-2b3b-89b1-8d13-23ef09a17948","QualityTerminate","QualityTerminate","Live","Uruguay / OCA - Includes Unión Capital panelists","Cint","2024-02-15 05:43:15","2024-02-15 05:45:25",""
"d9bf74f5-04fe-ff55-c73d-4094f58e2d6b","QualityTerminate","QualityTerminate","Live","Uruguay / OCA - Includes Unión Capital panelists","Cint","2024-02-15 01:09:18","2024-02-16 09:50:17",""
"ba092f71-e768-9327-23ba-1b229e9416ab","QualityTerminate","QualityTerminate","Live","Unión Capital - Includes Uruguay / OCA panelists","Cint","2024-02-14 23:08:43","2024-02-14 23:10:15",""
"736c95df-e1d9-2162-4614-a147b2381627","QualityTerminate","QualityTerminate","Live","Uruguay / OCA - Includes Unión Capital panelists","Cint","2024-02-14 12:30:49","2024-02-14 12:35:15",""
"5fa316ad-178d-e66a-7164-22881c85ea34","Screenout","Screenout","Live","Uruguay / OCA - Includes Unión Capital panelists","Cint","2024-02-13 19:25:21","2024-02-13 19:30:15",""
"766619f8-3c62-2de1-b931-2d4d17263161","QualityTerminate","QualityTerminate","Live","Unión Capital - Includes Uruguay / OCA panelists","Cint","2024-02-13 18:09:54","2024-02-13 18:15:12",""
"1cdb50ad-3518-6c4b-0364-64f07c78d53a","QualityTerminate","QualityTerminate","Live","Unión Capital - Includes Uruguay / OCA panelists","Cint","2024-02-13 16:58:20","2024-02-13 17:00:19",""
"fe0dab2c-55db-1fff-27e7-9f26a113a0e3","QualityTerminate","QualityTerminate","Live","Uruguay / OCA - Includes Unión Capital panelists","Cint","2024-02-13 12:09:06","2024-02-13 12:15:12",""
"44752c6f-936d-98f2-5fa4-185e699a62f9","Complete","Complete","Live","Uruguay / OCA - Includes Unión Capital panelists","Cint","2024-02-12 22:47:38","2024-02-12 22:50:15",""
"e2f5715f-086a-c5d0-df94-45def12efea9","Complete","Complete","Live","Uruguay / OCA - Includes Unión Capital panelists","Cint","2024-02-12 17:23:31","2024-02-12 17:30:12",""
"533965e5-72fd-87ef-862c-5112d5e33e73","QualityTerminate","QualityTerminate","Live","Uruguay / OCA - Includes Unión Capital panelists","Cint","2024-02-12 10:35:21","2024-02-12 10:40:18",""
"e30d9c01-f6a3-936c-a0c8-a826fe8e8b98","QualityTerminate","QualityTerminate","Live","Uruguay / OCA - Includes Unión Capital panelists","Cint","2024-02-12 07:18:37","2024-02-12 07:25:13",""
"e5499c81-0732-2b8d-e248-a862e5967714","Complete","Complete","Live","Uruguay / OCA - Includes Unión Capital panelists","Cint","2024-02-12 06:06:23","2024-02-12 06:20:18",""
"ca6075e7-38cb-c93b-4a2c-414ba476cd74","QualityTerminate","QualityTerminate","Live","Unión Capital - Includes Uruguay / OCA panelists","Cint","2024-02-11 23:27:56","2024-02-11 23:30:19",""
"eb96c812-21a2-7c23-bcd9-fcbdd606d681","Complete","Complete","Live","Uruguay / OCA - Includes Unión Capital panelists","Cint","2024-02-11 19:57:08","2024-02-11 20:05:12",""
"5bd6ab7b-0783-76ff-a2b2-9ffd5bdd97e1","Complete","Complete","Live","Uruguay / OCA - Includes Unión Capital panelists","Cint","2024-02-11 16:40:47","2024-02-11 16:45:15",""
"dbef4fdd-e455-6241-9214-7bc4379be949","QualityTerminate","QualityTerminate","Live","Uruguay / OCA - Includes Unión Capital panelists","Cint","2024-02-11 10:25:43","2024-02-11 10:30:15",""
"7151f839-2b4c-4c17-7bf2-cc7a2bfdd2c9","Complete","Complete","Live","Uruguay / OCA - Includes Unión Capital panelists","Cint","2024-02-11 08:42:43","2024-02-11 08:50:17",""
"211f5f4e-521f-8e40-d284-6b341dd54cdb","Screenout","Screenout","Live","Unión Capital - Includes Uruguay / OCA panelists","Cint","2024-02-09 09:23:04","2024-02-09 09:25:15",""
"6ae33693-8526-83d8-c958-02c8bd6f7307","QualityTerminate","QualityTerminate","Live","Uruguay / OCA - Includes Unión Capital panelists","Cint","2024-02-09 08:22:04","2024-02-09 08:25:15",""
"4fc279f3-2c92-c5a8-e838-4de9a82edd10","QualityTerminate","QualityTerminate","Live","Unión Capital - Includes Uruguay / OCA panelists","Cint","2024-02-09 08:15:54","2024-02-09 08:20:15",""
"b8eb1c36-63b7-a975-c1fd-28c0771096ef","QualityTerminate","QualityTerminate","Live","Uruguay / OCA - Includes Unión Capital panelists","Cint","2024-02-09 05:49:07","2024-02-09 05:55:13",""
"73b1fd59-0242-2702-4993-c99a9424dba0","QualityTerminate","QualityTerminate","Live","Uruguay / OCA - Includes Unión Capital panelists","Cint","2024-02-09 04:29:17","2024-02-09 04:30:19",""
"fd039f28-77b6-076c-93e2-ab283b324cb0","QualityTerminate","QualityTerminate","Live","Unión Capital - Includes Uruguay / OCA panelists","Cint","2024-02-08 20:55:39","2024-02-08 21:00:15",""
"bc13c734-558b-9a8c-80fe-f33878d56ca3","Complete","Complete","Live","Unión Capital - Includes Uruguay / OCA panelists","Cint","2024-02-08 20:15:50","2024-02-08 20:20:15",""
"fadb85a7-f804-30c4-f16c-b1f0d5720f40","QualityTerminate","QualityTerminate","Live","Uruguay / OCA - Includes Unión Capital panelists","Cint","2024-02-08 15:35:47","2024-02-08 15:40:15",""
"5c9ea81f-4a38-1d4b-b4d4-9cb56a4ebfd8","Screenout","Screenout","Live","Uruguay / OCA - Includes Unión Capital panelists","Cint","2024-02-08 15:20:30","2024-02-08 15:25:15",""
"0803c78f-8265-3656-8b45-f328390cd71c","QualityTerminate","QualityTerminate","Live","Uruguay / OCA - Includes Unión Capital panelists","Cint","2024-02-08 12:25:30","2024-02-08 12:30:20",""
"4ca27933-6eca-ed8c-29f9-4d898f5d3aa5","QualityTerminate","QualityTerminate","Live","Uruguay / OCA - Includes Unión Capital panelists","Cint","2024-02-08 12:14:00","2024-02-08 12:20:13",""
"4602e0e4-94c5-5407-282f-d42929756525","QualityTerminate","QualityTerminate","Live","Uruguay / OCA - Includes Unión Capital panelists","Cint","2024-02-08 10:00:09","2024-02-08 10:05:18",""
"deeca31b-ce24-5bf9-4ad1-97c7721f4b88","Complete","Complete","Live","Uruguay / OCA - Includes Unión Capital panelists","Cint","2024-02-08 08:17:37","2024-02-08 08:25:17",""
"1921d2dd-c3b9-3199-8717-e60ad1a0c14e","Complete","Complete","Live","Uruguay / OCA - Includes Unión Capital panelists","Cint","2024-02-08 08:15:06","2024-02-08 08:20:18",""
"50d8c2e4-cbc1-a03c-792e-f6f3045faa7c","QualityTerminate","QualityTerminate","Live","Uruguay / OCA - Includes Unión Capital panelists","Cint","2024-02-08 07:47:49","2024-02-08 07:50:15",""
"f79a4c81-4ceb-1627-384b-78b15d322212","QualityTerminate","QualityTerminate","Live","Uruguay / OCA - Includes Unión Capital panelists","Cint","2024-02-08 06:59:37","2024-02-08 07:05:20",""
"0f6e63a9-9bdc-a20a-2563-574520afcf3d","QualityTerminate","QualityTerminate","Live","Uruguay / OCA - Includes Unión Capital panelists","Cint","2024-02-07 21:10:48","2024-02-07 21:15:15",""
"226db152-6ff9-67a5-2798-8546513206c9","TimedOut","TimedOut","Live","Uruguay / OCA - Includes Unión Capital panelists","Cint","2024-02-07 20:12:08","2024-02-07 22:50:11",""
"b3a5580b-50cf-ecb7-8fc0-6c8e7bb8a7d1","Complete","Complete","Live","Uruguay / OCA - Includes Unión Capital panelists","Cint","2024-02-07 17:50:22","2024-02-07 18:00:18",""
"c7c5a0fd-b8f3-1c9a-ef36-94ee340f4f61","QualityTerminate","QualityTerminate","Live","Unión Capital - Includes Uruguay / OCA panelists","Cint","2024-02-07 16:30:13","2024-02-07 16:35:15",""
"ced7ba60-171b-0f13-fdab-8efc51ace2fc","Complete","Complete","Live","Uruguay / OCA - Includes Unión Capital panelists","Cint","2024-02-07 13:02:12","2024-02-07 13:10:16",""
"afe46b4b-8b38-de10-ce80-5fcf58cf7ca3","Screenout","Screenout","Live","Uruguay / OCA - Includes Unión Capital panelists","Cint","2024-02-07 10:09:12","2024-02-07 10:15:13",""
"bc5009c8-ece3-b4e3-4802-3d7b9b5def5d","Screenout","Screenout","Live","Uruguay / OCA - Includes Unión Capital panelists","Cint","2024-02-07 08:39:10","2024-02-07 08:40:16",""
"486c5379-f055-e7d0-46b2-67476d2006ea","QualityTerminate","QualityTerminate","Live","Uruguay / OCA - Includes Unión Capital panelists","Cint","2024-02-06 23:49:42","2024-02-06 23:55:12",""
"746aa28d-d10d-17cc-4046-9641b9aa2648","Screenout","Screenout","Live","Uruguay / OCA - Includes Unión Capital panelists","Cint","2024-02-06 20:35:30","2024-02-06 20:40:15",""
"0ca06734-39d9-da2a-8aff-538ba664cea7","QualityTerminate","QualityTerminate","Live","Unión Capital - Includes Uruguay / OCA panelists","Cint","2024-02-06 15:57:56","2024-02-06 16:00:19",""
"e5b5ad34-80a7-19bc-9fff-999e7fc276a7","Complete","Complete","Live","Uruguay / OCA - Includes Unión Capital panelists","Cint","2024-02-06 15:48:05","2024-02-06 15:55:12",""
"20d90415-a1bb-ed2d-16de-30f292b07986","Screenout","Screenout","Live","Uruguay / OCA - Includes Unión Capital panelists","Cint","2024-02-06 10:31:24","2024-02-06 10:35:15",""
"6d2e6062-38c5-13e8-e6a9-54059d29a890","Complete","Complete","Live","Uruguay / OCA - Includes Unión Capital panelists","Cint","2024-02-06 09:48:51","2024-02-06 09:55:12",""
"ac2fa659-a9ee-cb2c-e792-9204557f39cd","Screenout","Screenout","Live","Uruguay / OCA - Includes Unión Capital panelists","Cint","2024-02-06 09:48:33","2024-02-06 09:51:19",""
"c564e4f4-4ff2-51a1-4e3f-d04f1487b92e","QualityTerminate","QualityTerminate","Live","Uruguay / OCA - Includes Unión Capital panelists","Cint","2024-02-06 09:15:28","2024-02-06 09:20:15",""
"60c91d41-769f-49d4-3a8a-29e2514ad9d2","QualityTerminate","QualityTerminate","Live","Unión Capital - Includes Uruguay / OCA panelists","Cint","2024-02-06 07:08:05","2024-02-06 07:10:15",""
"4dcbaa3f-f5f6-efcf-37f4-9ee03d4059ab","QualityTerminate","QualityTerminate","Live","Unión Capital - Includes Uruguay / OCA panelists","Cint","2024-02-06 06:06:19","2024-02-06 06:10:15",""
"14daef90-f524-534e-f05b-dbf126d8024b","QualityTerminate","QualityTerminate","Live","Unión Capital - Includes Uruguay / OCA panelists","Cint","2024-02-06 04:34:05","2024-02-06 04:36:20",""
"ea552b99-4b0d-c55a-c552-1f7ea566030f","QualityTerminate","QualityTerminate","Live","Uruguay / OCA - Includes Unión Capital panelists","Cint","2024-02-05 23:57:29","2024-02-06 00:00:20",""
"edc88046-c794-116c-558d-b4e3b5f96aa9","Screenout","Screenout","Live","Uruguay / OCA - Includes Unión Capital panelists","Cint","2024-02-05 22:43:08","2024-02-05 22:45:19",""
"521770dd-7db0-c5b3-3d16-443cce59840a","Screenout","Screenout","Live","Uruguay / OCA - Includes Unión Capital panelists","Cint","2024-02-05 20:29:29","2024-02-05 20:35:18",""
"5762ff50-41bf-4a0d-489b-cb49fa56b6c5","QualityTerminate","QualityTerminate","Live","Uruguay / OCA - Includes Unión Capital panelists","Cint","2024-02-05 17:33:37","2024-02-05 17:40:16",""
"bb75ea08-023c-5e81-5fc3-de5ea2c8f59e","QualityTerminate","QualityTerminate","Live","Uruguay / OCA - Includes Unión Capital panelists","Cint","2024-02-05 15:51:07","2024-02-05 15:55:15",""
"e2ee7c89-5d32-4bc9-6342-48c51051d01f","Complete","Complete","Live","Uruguay / OCA - Includes Unión Capital panelists","Cint","2024-02-05 15:43:38","2024-02-05 15:55:15",""
"455096a2-1636-203f-df69-a27be89d3a41","QualityTerminate","QualityTerminate","Live","Uruguay / OCA - Includes Unión Capital panelists","Cint","2024-02-05 15:12:56","2024-02-05 15:15:22",""
"6ddd136e-dc6e-22c8-52a5-27f6892c77fd","Complete","Complete","Live","Uruguay / OCA - Includes Unión Capital panelists","Cint","2024-02-05 15:08:12","2024-02-05 15:15:23",""
"7da37367-2fbb-c623-89ac-4788a952daf1","Screenout","Screenout","Live","Uruguay / OCA - Includes Unión Capital panelists","Cint","2024-02-05 13:34:11","2024-02-05 13:40:27",""
"bf25df62-56d8-6a20-0fa9-eb0e73afa083","QualityTerminate","QualityTerminate","Live","Uruguay / OCA - Includes Unión Capital panelists","Cint","2024-02-05 12:26:36","2024-02-05 12:30:15",""
"4842e576-d4db-5180-68bd-d169329e22bc","QualityTerminate","QualityTerminate","Live","Uruguay / OCA - Includes Unión Capital panelists","Cint","2024-02-05 11:48:16","2024-02-05 11:55:18",""
"5b2e6fad-5cd3-7390-8166-5b0516cb3038","QualityTerminate","QualityTerminate","Live","Uruguay / OCA - Includes Unión Capital panelists","Cint","2024-02-05 11:28:22","2024-02-05 11:30:20",""
"0afa631f-11ee-afbb-53d4-57d1eca16b89","Complete","Complete","Live","Uruguay / OCA - Includes Unión Capital panelists","Cint","2024-02-05 11:16:12","2024-02-05 11:20:15",""
"a2e378f9-f9c9-cda6-c932-4cc8897f0064","QualityTerminate","QualityTerminate","Live","Uruguay / OCA - Includes Unión Capital panelists","Cint","2024-02-05 10:50:03","2024-02-05 10:55:25",""
"a1dffc3e-4096-40dc-f5f5-c8f4892ab7c0","Screenout","Screenout","Live","Unión Capital - Includes Uruguay / OCA panelists","Cint","2024-02-05 10:34:26","2024-02-05 10:40:15",""
"8179847e-d528-71ed-2db5-b0521e4ea2e5","QualityTerminate","QualityTerminate","Live","Uruguay / OCA - Includes Unión Capital panelists","Cint","2024-02-05 10:34:01","2024-02-05 10:40:15",""
"070e9e7e-413b-2ab1-24b5-aa255c8cb6b3","QualityTerminate","QualityTerminate","Live","Uruguay / OCA - Includes Unión Capital panelists","Cint","2024-02-05 10:12:35","2024-02-05 10:15:19",""
"b68ad3c3-f27a-afdd-da08-e7a1a685be58","Screenout","Screenout","Live","Uruguay / OCA - Includes Unión Capital panelists","Cint","2024-02-05 09:55:12","2024-02-05 10:00:18",""
"d242967f-9cb8-4b50-1ab4-a26981e51ce8","Screenout","Screenout","Live","Uruguay / OCA - Includes Unión Capital panelists","Cint","2024-02-05 09:11:15","2024-02-05 09:25:14",""
"4dc81cb9-b7d8-a865-e272-28e31d284076","TimedOut","TimedOut","Live","Uruguay / OCA - Includes Unión Capital panelists","Cint","2024-02-05 09:06:49","2024-02-05 10:15:19",""
"aef3c074-3ccc-74d3-d9bf-f4d85dadcaec","TimedOut","TimedOut","Live","Uruguay / OCA - Includes Unión Capital panelists","Cint","2024-02-05 07:51:25","2024-02-05 09:05:16",""
"fb46bf00-03a4-8f2d-0acb-8b6dc66c9395","Screenout","Screenout","Live","Uruguay / OCA - Includes Unión Capital panelists","Cint","2024-02-05 07:10:18","2024-02-05 07:15:15",""
"7caefa16-8a67-7fd0-d9dd-ce850e11d2f6","Complete","Complete","Live","Uruguay / OCA - Includes Unión Capital panelists","Cint","2024-02-05 05:14:15","2024-02-05 05:20:15",""
"6bb6169d-d7e8-c3ad-d756-229d530d957b","QualityTerminate","QualityTerminate","Live","Uruguay / OCA - Includes Unión Capital panelists","Cint","2024-02-04 22:42:29","2024-02-04 22:45:19",""
"737c5339-9ca3-afc6-1cf2-6757f852dfaa","Screenout","Screenout","Live","Unión Capital - Includes Uruguay / OCA panelists","Cint","2024-02-04 21:45:36","2024-02-04 21:55:13",""
"9c8dc93b-4b58-c200-eef0-fda6cbbdc2e2","QualityTerminate","QualityTerminate","Live","Uruguay / OCA - Includes Unión Capital panelists","Cint","2024-02-04 20:36:21","2024-02-04 20:40:15",""
"0d82598d-71bc-ed50-a846-6da9240c8653","Complete","Complete","Live","Uruguay / OCA - Includes Unión Capital panelists","Cint","2024-02-04 20:13:56","2024-02-05 11:55:18",""
"091eed26-fc77-12bc-7ced-d935294bbdbc","QualityTerminate","QualityTerminate","Live","Unión Capital - Includes Uruguay / OCA panelists","Cint","2024-02-04 19:50:38","2024-02-04 20:00:31",""
"d60a6c51-b1fd-144c-669a-5821bb498dca","QualityTerminate","QualityTerminate","Live","Unión Capital - Includes Uruguay / OCA panelists","Cint","2024-02-04 18:20:21","2024-02-04 18:25:15",""
"9250821d-c92d-3718-7ad6-b67be78a3e88","QualityTerminate","QualityTerminate","Live","Uruguay / OCA - Includes Unión Capital panelists","Cint","2024-02-04 16:42:05","2024-02-04 16:45:15",""
"371c3b25-e16e-8e7b-36ee-0f379d9916d1","Screenout","Screenout","Live","Uruguay / OCA - Includes Unión Capital panelists","Cint","2024-02-04 14:29:11","2024-02-04 14:35:15",""
"d8c46b45-0d7f-d712-ee8e-5fef0307fb96","Screenout","Screenout","Live","Unión Capital - Includes Uruguay / OCA panelists","Cint","2024-02-04 14:16:36","2024-02-04 14:20:15",""
"995005e7-151d-b1d5-7a2c-317ba754e378","Complete","Complete","Live","Uruguay / OCA - Includes Unión Capital panelists","Cint","2024-02-04 14:09:43","2024-02-04 14:15:13",""
"3e7eea80-1c55-56e4-544b-de55cae99516","QualityTerminate","QualityTerminate","Live","Unión Capital - Includes Uruguay / OCA panelists","Cint","2024-02-04 14:07:57","2024-02-04 14:10:15",""
"8f5c7acf-9575-b6dc-3604-4e77f03a235b","Screenout","Screenout","Live","Uruguay / OCA - Includes Unión Capital panelists","Cint","2024-02-04 12:54:43","2024-02-04 13:00:23",""
"0ccb6a31-d5a4-414d-ddfa-5ee082f3e0ac","Complete","Complete","Live","Unión Capital - Includes Uruguay / OCA panelists","Cint","2024-02-04 08:29:21","2024-02-04 08:35:20",""
"b4bc5e1f-1c84-eaef-96d4-6a97b640e9fd","QualityTerminate","QualityTerminate","Live","Uruguay / OCA - Includes Unión Capital panelists","Cint","2024-02-04 05:13:13","2024-02-04 05:20:12",""
"6ac6934f-1aea-2f2c-ec84-a7ed852aefd8","QualityTerminate","QualityTerminate","Live","Unión Capital - Includes Uruguay / OCA panelists","Cint","2024-02-04 02:33:54","2024-02-04 02:40:13",""
"1aee881e-6563-f301-f0d5-bcc569034e8d","QualityTerminate","QualityTerminate","Live","Uruguay / OCA - Includes Unión Capital panelists","Cint","2024-02-04 01:04:48","2024-02-04 01:10:12",""
"10afef9a-e129-5b06-8551-db84fcdc1059","QualityTerminate","QualityTerminate","Live","Uruguay / OCA - Includes Unión Capital panelists","Cint","2024-02-03 23:07:16","2024-02-03 23:10:15",""
"f524b354-9377-064a-3f9f-870f5d8693c7","QualityTerminate","QualityTerminate","Live","Uruguay / OCA - Includes Unión Capital panelists","Cint","2024-02-03 22:50:49","2024-02-03 22:55:15",""
"eb9e6c50-ecc8-d845-b49b-58b54e7805a8","Complete","Complete","Live","Uruguay / OCA - Includes Unión Capital panelists","Cint","2024-02-03 22:30:09","2024-02-03 22:35:15",""
"262e73da-53ee-b541-3411-470581dfd449","QualityTerminate","QualityTerminate","Live","Uruguay / OCA - Includes Unión Capital panelists","Cint","2024-02-03 20:56:25","2024-02-03 21:00:15",""
"c7173226-c5f7-2991-0ded-063c14e37cb3","QualityTerminate","QualityTerminate","Live","Unión Capital - Includes Uruguay / OCA panelists","Cint","2024-02-03 20:34:49","2024-02-03 20:40:15",""
"ff845753-5a26-d20d-8198-63af1d819cc6","QualityTerminate","QualityTerminate","Live","Uruguay / OCA - Includes Unión Capital panelists","Cint","2024-02-03 19:51:00","2024-02-03 19:55:15",""
"65cf8b3e-075d-3f0e-e5f5-bfe427a8f2aa","Screenout","Screenout","Live","Uruguay / OCA - Includes Unión Capital panelists","Cint","2024-02-03 18:05:33","2024-02-03 18:10:15",""
"d375c4f5-3afe-95ca-723e-f05e8014e166","Screenout","Screenout","Live","Uruguay / OCA - Includes Unión Capital panelists","Cint","2024-02-03 17:55:23","2024-02-03 18:00:20",""
"ae32427b-63f2-a34b-34b0-7619d4efa0ef","Screenout","Screenout","Live","Uruguay / OCA - Includes Unión Capital panelists","Cint","2024-02-03 17:02:56","2024-02-03 17:05:15",""
"a1518afe-105d-9581-5735-be7aa241b36d","Complete","Complete","Live","Uruguay / OCA - Includes Unión Capital panelists","Cint","2024-02-03 17:00:11","2024-02-03 17:10:14",""
"eba3be73-ae40-9a73-a5b8-8a88671475e0","QualityTerminate","QualityTerminate","Live","Uruguay / OCA - Includes Unión Capital panelists","Cint","2024-02-03 16:36:16","2024-02-03 16:40:15",""
"337ba8a2-12fd-1c57-5169-9c50020de531","Screenout","Screenout","Live","Uruguay / OCA - Includes Unión Capital panelists","Cint","2024-02-03 15:36:23","2024-02-03 15:40:15",""
"c6c6f5af-75d8-417f-ec64-c1eda47f826e","QualityTerminate","QualityTerminate","Live","Uruguay / OCA - Includes Unión Capital panelists","Cint","2024-02-03 15:35:47","2024-02-03 15:40:15",""
"002e186d-acc8-bfb8-2ea6-2c0579108ffe","QualityTerminate","QualityTerminate","Live","Unión Capital - Includes Uruguay / OCA panelists","Cint","2024-02-03 14:48:32","2024-02-03 14:51:19",""
"38466e57-f721-da85-6c9c-5a6d40c600bb","QualityTerminate","QualityTerminate","Live","Uruguay / OCA - Includes Unión Capital panelists","Cint","2024-02-03 14:48:03","2024-02-03 14:50:15",""
"74ec0f88-4cbb-bb37-c643-3bc7b70ab962","QualityTerminate","QualityTerminate","Live","Uruguay / OCA - Includes Unión Capital panelists","Cint","2024-02-03 13:36:25","2024-02-03 13:40:15",""
"32451aa6-a29d-a6c7-6f6d-2e6e9fe15530","QualityTerminate","QualityTerminate","Live","Unión Capital - Includes Uruguay / OCA panelists","Cint","2024-02-03 13:17:44","2024-02-07 13:00:18",""
"cbc12967-42bd-9d87-ebac-1deaa7cdb582","Screenout","Screenout","Live","Uruguay / OCA - Includes Unión Capital panelists","Cint","2024-02-03 12:49:16","2024-02-03 12:55:19",""
"6b11340d-b358-8022-3bc6-003a48f9bafd","QualityTerminate","QualityTerminate","Live","Uruguay / OCA - Includes Unión Capital panelists","Cint","2024-02-03 12:40:47","2024-02-03 12:45:15",""
"0689b5c8-2806-099c-a303-81a222badf13","QualityTerminate","QualityTerminate","Live","Unión Capital - Includes Uruguay / OCA panelists","Cint","2024-02-03 10:42:56","2024-02-03 10:45:19",""
"e901c703-6310-7bb2-2bc8-f32a28efea99","QualityTerminate","QualityTerminate","Live","Unión Capital - Includes Uruguay / OCA panelists","Cint","2024-02-03 10:36:07","2024-02-03 10:40:15",""
"5d97bb64-cf1c-0f49-bdaf-8fbce4a83a92","Complete","Complete","Live","Uruguay / OCA - Includes Unión Capital panelists","Cint","2024-02-03 10:35:57","2024-02-03 10:40:15",""
"159db5ce-d19c-0096-b705-81b63f3b2401","TimedOut","TimedOut","Live","Uruguay / OCA - Includes Unión Capital panelists","Cint","2024-02-03 09:28:14","2024-02-03 10:40:13",""
"9dd24c73-01b5-7b8c-dab8-78f91efdc8e0","Screenout","Screenout","Live","Unión Capital - Includes Uruguay / OCA panelists","Cint","2024-02-03 09:23:21","2024-02-03 09:25:15",""
"cf5e9032-3beb-fc59-56f9-a4753867afa1","Screenout","Screenout","Live","Uruguay / OCA - Includes Unión Capital panelists","Cint","2024-02-03 09:11:14","2024-02-03 09:15:15",""
"cbd271e2-5454-c5ca-f829-45f991e3a57f","Complete","Complete","Live","Uruguay / OCA - Includes Unión Capital panelists","Cint","2024-02-03 08:42:10","2024-02-03 08:45:15",""
"4fa6e0bd-d7fe-4cc6-ac76-d48db8b2416d","QualityTerminate","QualityTerminate","Live","Uruguay / OCA - Includes Unión Capital panelists","Cint","2024-02-03 08:34:22","2024-02-03 08:40:13",""
"3d7fddd2-98ea-61b2-5519-e954d7566f41","QualityTerminate","QualityTerminate","Live","Unión Capital - Includes Uruguay / OCA panelists","Cint","2024-02-03 08:01:36","2024-02-03 08:05:15",""
"1560eb1d-2c9d-a6e2-6ad6-df4b1ef3fa8b","QualityTerminate","QualityTerminate","Live","Uruguay / OCA - Includes Unión Capital panelists","Cint","2024-02-03 07:58:02","2024-02-03 08:00:19",""
"8d8921bc-491f-a36d-a377-15a2d0a0bc45","QualityTerminate","QualityTerminate","Live","Unión Capital - Includes Uruguay / OCA panelists","Cint","2024-02-03 06:56:40","2024-02-03 07:00:15",""
"3326d2b4-8243-660a-0c7f-e60dff34776e","QualityTerminate","QualityTerminate","Live","Uruguay / OCA - Includes Unión Capital panelists","Cint","2024-02-03 06:45:31","2024-02-03 06:50:15",""
"ad4ac7a7-9cf9-d4d6-7e6c-f3612cd64833","QualityTerminate","QualityTerminate","Live","Unión Capital - Includes Uruguay / OCA panelists","Cint","2024-02-03 06:42:28","2024-02-03 06:45:19",""
"fdb0e2ec-0350-5674-9a27-d69b17e5f478","QualityTerminate","QualityTerminate","Live","Uruguay / OCA - Includes Unión Capital panelists","Cint","2024-02-03 06:28:19","2024-02-03 06:30:19",""
"f79cc371-628e-e6bf-abba-f7b7b5d9f7e4","Screenout","Screenout","Live","Uruguay / OCA - Includes Unión Capital panelists","Cint","2024-02-03 06:19:28","2024-02-03 06:25:14",""
"54969e76-6962-bf49-a1bd-aabd1f30fde5","Screenout","Screenout","Live","Unión Capital - Includes Uruguay / OCA panelists","Cint","2024-02-03 06:17:57","2024-02-03 06:20:15",""
"31077512-1ad0-e145-37d9-412cc240f7f5","QualityTerminate","QualityTerminate","Live","Uruguay / OCA - Includes Unión Capital panelists","Cint","2024-02-03 05:03:51","2024-02-03 05:06:19",""
"184861a9-20dc-d567-6262-5563409cd532","Complete","Complete","Live","Uruguay / OCA - Includes Unión Capital panelists","Cint","2024-02-03 04:59:22","2024-02-03 05:05:17",""
"77c65dc8-e90f-40df-f603-69edec12e15c","QualityTerminate","QualityTerminate","Live","Uruguay / OCA - Includes Unión Capital panelists","Cint","2024-02-03 04:43:01","2024-02-03 04:45:19",""
"156116db-9989-03f5-5110-224a476e7548","Screenout","Screenout","Live","Unión Capital - Includes Uruguay / OCA panelists","Cint","2024-02-03 04:41:02","2024-02-03 04:45:15",""
"4381c376-38c7-7f2e-abbd-f7aa91bfce9f","QualityTerminate","QualityTerminate","Live","Unión Capital - Includes Uruguay / OCA panelists","Cint","2024-02-03 03:33:32","2024-02-03 03:36:19",""
"07a6c0f8-a9fb-48a4-9933-f48de94b656b","QualityTerminate","QualityTerminate","Live","Unión Capital - Includes Uruguay / OCA panelists","Cint","2024-02-03 01:52:12","2024-02-03 01:55:15",""
"714d3d9a-88fd-d340-7251-096619df480e","QualityTerminate","QualityTerminate","Live","Unión Capital - Includes Uruguay / OCA panelists","Cint","2024-02-03 01:39:04","2024-02-03 01:40:15",""
"1a78408c-26d1-5833-4147-7453e9c2c41f","Screenout","Screenout","Live","Unión Capital - Includes Uruguay / OCA panelists","Cint","2024-02-03 00:42:32","2024-02-03 00:45:19",""
"f4d82f7b-563f-9b6f-f2b0-1bf39277a093","QualityTerminate","QualityTerminate","Live","Uruguay / OCA - Includes Unión Capital panelists","Cint","2024-02-03 00:10:29","2024-02-03 00:15:15",""
"e3fe57d0-bb5b-68e9-c51b-63d5aaa37c4c","Complete","Complete","Live","Uruguay / OCA - Includes Unión Capital panelists","Cint","2024-02-02 23:19:17","2024-02-02 23:25:16",""
"eeb232a8-f365-41ce-8963-0699c4d53442","Complete","Complete","Live","Uruguay / OCA - Includes Unión Capital panelists","Cint","2024-02-02 22:52:44","2024-02-02 23:00:13",""
"785f69b2-28df-d9b9-6579-5d740f6fcf26","Complete","Complete","Live","Uruguay / OCA - Includes Unión Capital panelists","Cint","2024-02-02 22:40:23","2024-02-02 22:45:15",""
"1160b24b-a4cb-9d68-5a80-864b7e9b629a","QualityTerminate","QualityTerminate","Live","Uruguay / OCA - Includes Unión Capital panelists","Cint","2024-02-02 22:06:50","2024-02-02 22:10:15",""
"ae23ec10-1ad5-5956-09db-d8086492ec8d","QualityTerminate","QualityTerminate","Live","Uruguay / OCA - Includes Unión Capital panelists","Cint","2024-02-02 21:52:29","2024-02-02 21:55:15",""
"419cc27c-ee43-7720-b6b7-f6b7af340792","Complete","Complete","Live","Uruguay / OCA - Includes Unión Capital panelists","Cint","2024-02-02 21:50:26","2024-02-02 21:55:15",""
"239f0d7e-870f-5eb6-bbb5-39b471c7679c","TimedOut","TimedOut","Live","Uruguay / OCA - Includes Unión Capital panelists","Cint","2024-02-02 21:05:27","2024-02-02 23:25:16",""
"c73bd128-6780-6e36-11e3-e510eb7192fb","Screenout","Screenout","Live","Unión Capital - Includes Uruguay / OCA panelists","Cint","2024-02-02 21:00:30","2024-02-02 21:05:15",""
"e1ebdad0-4340-6e7f-c11b-eec0da05b643","Complete","Complete","Live","Uruguay / OCA - Includes Unión Capital panelists","Cint","2024-02-02 20:55:31","2024-02-02 21:00:15",""
"ff457cc9-ad79-9ba8-6202-486e16582c25","Screenout","Screenout","Live","Uruguay / OCA - Includes Unión Capital panelists","Cint","2024-02-02 20:18:28","2024-02-02 20:21:19",""
"59b47e07-17b0-f57c-92cc-4a9f5e381494","Complete","Complete","Live","Unión Capital - Includes Uruguay / OCA panelists","Cint","2024-02-02 19:32:42","2024-02-02 19:40:14",""
"ae08e900-687f-6d35-2ecb-dd23eb1be994","QualityTerminate","QualityTerminate","Live","Uruguay / OCA - Includes Unión Capital panelists","Cint","2024-02-02 19:32:17","2024-02-02 19:35:15",""
"c75872a3-0d31-2fb2-7e68-4673fa6fe735","Screenout","Screenout","Live","Uruguay / OCA - Includes Unión Capital panelists","Cint","2024-02-02 19:14:00","2024-02-02 19:15:19",""
"c63d6f9e-0760-3644-1b55-5b1660bae505","Complete","Complete","Live","Unión Capital - Includes Uruguay / OCA panelists","Cint","2024-02-02 19:12:18","2024-02-02 19:20:20",""
"215e8295-d82c-3e75-745e-b6754d902903","Screenout","Screenout","Live","Unión Capital - Includes Uruguay / OCA panelists","Cint","2024-02-02 18:39:34","2024-02-02 18:45:18",""
"9c701fc1-fd35-ab58-5a0a-2b5b79900a1b","QualityTerminate","QualityTerminate","Live","Uruguay / OCA - Includes Unión Capital panelists","Cint","2024-02-02 18:17:59","2024-02-02 18:35:17",""
"fd899691-7f58-d3c3-a95a-a2a203ed9702","Complete","Complete","Live","Unión Capital - Includes Uruguay / OCA panelists","Cint","2024-02-02 18:07:08","2024-02-02 18:10:15",""
"cf457b06-93c3-cfd0-6fcd-4f6e6f8a6290","TimedOut","TimedOut","Live","Uruguay / OCA - Includes Unión Capital panelists","Cint","2024-02-02 17:50:56","2024-02-02 19:05:14",""
"e51eb86a-8080-0a42-3da1-8c35b7ce79f9","Complete","Complete","Live","Uruguay / OCA - Includes Unión Capital panelists","Cint","2024-02-02 17:47:04","2024-02-02 17:55:17",""
"7efd6c44-d7ec-d1d4-d78f-58d65e922edc","QualityTerminate","QualityTerminate","Live","Unión Capital - Includes Uruguay / OCA panelists","Cint","2024-02-02 17:35:30","2024-02-02 17:40:15",""
"4142a310-5874-17f2-68db-9769ed83a18d","QualityTerminate","QualityTerminate","Live","Uruguay / OCA - Includes Unión Capital panelists","Cint","2024-02-02 17:31:29","2024-02-02 17:35:15",""
"d6c16bcd-31c4-df39-eb06-5fead063c420","QualityTerminate","QualityTerminate","Live","Uruguay / OCA - Includes Unión Capital panelists","Cint","2024-02-02 17:30:05","2024-02-02 17:35:18",""
"beb97646-ee95-af85-9b8d-4292f14601d3","Screenout","Screenout","Live","Unión Capital - Includes Uruguay / OCA panelists","Cint","2024-02-02 17:10:33","2024-02-02 17:15:16",""
"80fe6329-d7a0-df4f-d4e2-57d5105c20c8","Screenout","Screenout","Live","Unión Capital - Includes Uruguay / OCA panelists","Cint","2024-02-02 16:56:23","2024-02-02 17:00:15",""
"5481663b-1f35-d2da-abf0-52aa3dc2eeea","Screenout","Screenout","Live","Uruguay / OCA - Includes Unión Capital panelists","Cint","2024-02-02 16:52:21","2024-02-02 16:55:15",""
"321ab2bb-6273-0e66-3070-86311b83972e","Screenout","Screenout","Live","Unión Capital - Includes Uruguay / OCA panelists","Cint","2024-02-02 16:48:38","2024-02-02 16:51:19",""
"47010dfd-2bd9-b2e2-2b36-392aec22d23a","Complete","Complete","Live","Unión Capital - Includes Uruguay / OCA panelists","Cint","2024-02-02 16:20:50","2024-02-02 16:25:15",""
"df71d6cd-cf21-4c4e-5e06-e25ad0b83359","Screenout","Screenout","Live","Unión Capital - Includes Uruguay / OCA panelists","Cint","2024-02-02 16:16:24","2024-02-02 16:20:15",""
"56288c35-ab26-0e9b-02fe-b8038a995ca0","TimedOut","TimedOut","Live","Unión Capital - Includes Uruguay / OCA panelists","Cint","2024-02-02 16:07:39","2024-02-02 17:15:24",""
"72f57f14-cd83-8db6-dadf-4bdedc8c358d","Complete","Complete","Live","Uruguay / OCA - Includes Unión Capital panelists","Cint","2024-02-02 16:04:06","2024-02-02 16:10:21",""
"cad06ddd-4ae7-8557-ff16-59fbcaf6b64b","Complete","Complete","Live","Unión Capital - Includes Uruguay / OCA panelists","Cint","2024-02-02 16:02:58","2024-02-02 16:05:15",""
"c443267e-f1a5-36f7-6cb5-1268ddad1de2","QualityTerminate","QualityTerminate","Live","Uruguay / OCA - Includes Unión Capital panelists","Cint","2024-02-02 15:58:52","2024-02-02 16:10:21",""
"2ac8da52-66ec-6e9a-e299-eee37e5997c8","QualityTerminate","QualityTerminate","Live","Uruguay / OCA - Includes Unión Capital panelists","Cint","2024-02-02 15:58:19","2024-02-02 18:15:14",""
"72863283-065a-8652-ac48-06ad2ff2f36b","QualityTerminate","QualityTerminate","Live","Uruguay / OCA - Includes Unión Capital panelists","Cint","2024-02-02 15:48:46","2024-02-02 15:55:16",""
"cf8d24d5-80d4-9018-a71e-10a6921d773d","QualityTerminate","QualityTerminate","Live","Uruguay / OCA - Includes Unión Capital panelists","Cint","2024-02-02 15:38:38","2024-02-02 15:40:15",""
"2025b1dd-552f-e383-0b16-850ec081bf4e","Screenout","Screenout","Live","Uruguay / OCA - Includes Unión Capital panelists","Cint","2024-02-02 15:35:26","2024-02-02 15:40:15",""
"61ba5780-a2a8-e89c-904b-63914f155759","QualityTerminate","QualityTerminate","Live","Unión Capital - Includes Uruguay / OCA panelists","Cint","2024-02-02 15:24:43","2024-02-02 15:30:19",""
"09fb2ff9-7a7b-9b02-d132-1bd07e8b8d64","QualityTerminate","QualityTerminate","Live","Uruguay / OCA - Includes Unión Capital panelists","Cint","2024-02-02 15:14:07","2024-02-02 15:20:39",""
"543902cb-b05f-6b09-1000-36121cd44553","Complete","Complete","Live","Unión Capital - Includes Uruguay / OCA panelists","Cint","2024-02-02 15:06:46","2024-02-02 15:10:15",""
"a6bda818-2105-1589-97d3-9c96bfbad4c2","QualityTerminate","QualityTerminate","Live","Unión Capital - Includes Uruguay / OCA panelists","Cint","2024-02-02 15:01:12","2024-02-02 15:05:15",""
"c3083c1f-4a3f-8045-22d4-0823e543bcf8","QualityTerminate","QualityTerminate","Live","Unión Capital - Includes Uruguay / OCA panelists","Cint","2024-02-02 14:49:40","2024-02-02 14:55:24",""
"b0c3690e-3f2b-44e0-ebc5-5de8c246cb90","Screenout","Screenout","Live","Unión Capital - Includes Uruguay / OCA panelists","Cint","2024-02-02 14:40:36","2024-02-02 14:45:16",""
"097ee5ed-9994-587f-5426-d155b72a6e7e","Screenout","Screenout","Live","Unión Capital - Includes Uruguay / OCA panelists","Cint","2024-02-02 14:38:48","2024-02-02 14:40:15",""
"8ee701da-41af-b561-cd11-35cc790ab00c","Complete","Complete","Live","Uruguay / OCA - Includes Unión Capital panelists","Cint","2024-02-02 14:37:56","2024-02-02 14:45:28",""
"63c3e4e8-072e-6638-e923-d0e841d0f274","Screenout","Screenout","Live","Unión Capital - Includes Uruguay / OCA panelists","Cint","2024-02-02 14:26:14","2024-02-02 14:30:15",""
"3fc57b9b-ab76-8433-ee50-4fee1b4f5a56","QualityTerminate","QualityTerminate","Live","Uruguay / OCA - Includes Unión Capital panelists","Cint","2024-02-02 14:25:57","2024-02-02 14:30:15",""
"1a7c9bf4-f1c1-2f05-563f-af5783040617","Complete","Complete","Live","Uruguay / OCA - Includes Unión Capital panelists","Cint","2024-02-02 14:24:12","2024-02-02 14:31:06",""
"9a57b6d2-1df1-02c8-7d19-827cfc06e446","Complete","Complete","Live","Uruguay / OCA - Includes Unión Capital panelists","Cint","2024-02-02 14:21:00","2024-02-02 14:25:16",""
"e58aa81a-a634-144a-a0d1-9ca13f4c53c1","Complete","Complete","Live","Unión Capital - Includes Uruguay / OCA panelists","Cint","2024-02-02 14:20:03","2024-02-02 16:10:24",""
"a4f0e6e8-ea21-d0e8-db23-d2dba854127b","QualityTerminate","QualityTerminate","Live","Uruguay / OCA - Includes Unión Capital panelists","Cint","2024-02-02 14:17:28","2024-02-02 14:20:15",""
"b5fc214b-0fa6-95bc-d680-15d7ced2f8d0","Complete","Complete","Live","Uruguay / OCA - Includes Unión Capital panelists","Cint","2024-02-02 14:16:49","2024-02-02 14:25:24",""
"1ce429e5-cf29-9ca2-ce2e-1dcfcf403926","Complete","Complete","Live","Uruguay / OCA - Includes Unión Capital panelists","Cint","2024-02-02 14:12:46","2024-02-02 14:20:22",""
"94687b83-5c0e-cf36-4248-4f4361b9a966","QualityTerminate","QualityTerminate","Live","Uruguay / OCA - Includes Unión Capital panelists","Cint","2024-02-02 14:11:29","2024-02-02 14:15:15",""
"bdcd806c-4d22-19f3-e7a7-b4e656b0b8ff","QualityTerminate","QualityTerminate","Live","Unión Capital - Includes Uruguay / OCA panelists","Cint","2024-02-02 14:08:50","2024-02-02 14:10:15",""
"e9b4bae2-1f20-0e6e-9e29-8e9f1765e877","QualityTerminate","QualityTerminate","Live","Uruguay / OCA - Includes Unión Capital panelists","Cint","2024-02-02 14:08:01","2024-02-02 14:10:15",""
"7e42ff4a-94a7-4313-6881-cb69ab6765a4","QualityTerminate","QualityTerminate","Live","Unión Capital - Includes Uruguay / OCA panelists","Cint","2024-02-02 14:07:51","2024-02-02 14:10:15",""
"9da83eaf-b0fa-8a1b-8264-0a83a90b453a","Complete","Complete","Live","Uruguay / OCA - Includes Unión Capital panelists","Cint","2024-02-02 14:06:17","2024-02-02 14:20:22",""
"2b2e76f1-d5f4-c253-043a-4205c5812265","QualityTerminate","QualityTerminate","Live","Uruguay / OCA - Includes Unión Capital panelists","Cint","2024-02-02 14:05:23","2024-02-02 14:10:15",""
"9a349c81-d32a-3051-1e4a-a81fb8672417","QualityTerminate","QualityTerminate","Live","Unión Capital - Includes Uruguay / OCA panelists","Cint","2024-02-02 14:03:19","2024-02-02 14:06:19",""
"85a77c13-3970-d509-8dd8-488c1325cf8b","QualityTerminate","QualityTerminate","Live","Uruguay / OCA - Includes Unión Capital panelists","Cint","2024-02-02 14:02:36","2024-02-02 14:05:16",""
"ee47ae60-3e1c-1b89-92b4-9a6cffa9c8b4","Complete","Complete","Live","Uruguay / OCA - Includes Unión Capital panelists","Cint","2024-02-02 13:49:15","2024-02-02 14:00:23",""
"57063dda-82bf-3bbf-d30e-092dfe457547","Complete","Complete","Live","Uruguay / OCA - Includes Unión Capital panelists","Cint","2024-02-02 13:38:33","2024-02-02 13:45:17",""
"7b9458e6-a88a-f702-4032-6cbf4d495f06","QualityTerminate","QualityTerminate","Live","Uruguay / OCA - Includes Unión Capital panelists","Cint","2024-02-02 13:22:02","2024-02-02 13:25:18",""
"53aaa5e8-d061-ad23-7e3c-918104652776","Complete","Complete","Live","Uruguay / OCA - Includes Unión Capital panelists","Cint","2024-02-02 13:14:04","2024-02-02 13:20:23",""